,"Country,Other",TotalCases,NewCases,TotalDeaths,NewDeaths,TotalRecovered,ActiveCases,"Serious,Critical",Tot Cases/1M pop,Deaths/1M pop,TotalTests,Tests/ 1M pop
0,Afghanistan,607,0,19.0,1.0,32.0,556,0.0,16.0,0.5,0.0,0.0
1,Albania,446,0,23.0,0.0,217.0,206,7.0,155.0,8.0,3877.0,1347.0
2,Algeria,1914,0,293.0,0.0,591.0,1030,60.0,44.0,7.0,3359.0,77.0
3,Andorra,638,0,29.0,0.0,128.0,481,17.0,8257.0,375.0,1673.0,21653.0
4,Angola,19,0,2.0,0.0,4.0,13,0.0,0.6,0.06,0.0,0.0
5,Anguilla,3,0,0.0,0.0,0.0,3,0.0,200.0,0.0,0.0,0.0
6,Antigua and Barbuda,21,0,2.0,0.0,0.0,19,1.0,214.0,20.0,40.0,408.0
7,Argentina,2208,66,95.0,5.0,468.0,1645,83.0,49.0,2.0,19758.0,437.0
8,Armenia,1013,0,13.0,0.0,197.0,803,30.0,342.0,4.0,7164.0,2418.0
9,Aruba,92,0,0.0,0.0,32.0,60,1.0,862.0,0.0,1145.0,10724.0
10,Australia,6351,38,61.0,2.0,3338.0,2952,81.0,249.0,2.0,353941.0,13880.0
11,Austria,13945,0,350.0,0.0,6987.0,6608,243.0,1548.0,39.0,144877.0,16086.0
12,Azerbaijan,1098,0,11.0,0.0,250.0,837,27.0,108.0,1.0,66677.0,6576.0
13,Bahamas,46,0,8.0,0.0,5.0,33,1.0,117.0,20.0,0.0,0.0
14,Bahrain,1136,0,6.0,0.0,558.0,572,4.0,668.0,4.0,63973.0,37596.0
15,Bangladesh,621,0,34.0,0.0,39.0,548,1.0,4.0,0.2,9653.0,59.0
16,Barbados,71,0,4.0,0.0,11.0,56,4.0,247.0,14.0,805.0,2801.0
17,Belarus,2578,0,26.0,0.0,203.0,2349,50.0,273.0,3.0,64000.0,6773.0
18,Belgium,29647,0,3600.0,0.0,6463.0,19584,1223.0,2558.0,311.0,102151.0,8814.0
19,Belize,14,0,2.0,0.0,0.0,12,1.0,35.0,5.0,364.0,915.0
20,Benin,35,0,1.0,0.0,5.0,29,0.0,3.0,0.08,0.0,0.0
21,Bermuda,57,0,4.0,0.0,29.0,24,2.0,915.0,64.0,416.0,6680.0
22,Bhutan,5,0,0.0,0.0,2.0,3,0.0,6.0,0.0,1166.0,1511.0
23,Bolivia,330,30,27.0,3.0,2.0,301,3.0,28.0,2.0,2185.0,187.0
24,Bosnia and Herzegovina,1009,0,39.0,0.0,193.0,777,4.0,308.0,12.0,10975.0,3345.0
25,Botswana,13,0,1.0,0.0,0.0,12,0.0,6.0,0.4,3115.0,1325.0
26,Brazil,22318,126,1230.0,7.0,173.0,20915,296.0,105.0,6.0,62985.0,296.0
27,British Virgin Islands,3,0,0.0,0.0,2.0,1,0.0,99.0,0.0,0.0,0.0
28,Brunei,136,0,1.0,0.0,106.0,29,2.0,311.0,2.0,9884.0,22593.0
29,Bulgaria,676,1,31.0,2.0,71.0,574,36.0,97.0,4.0,18502.0,2663.0
30,Burkina Faso,497,0,27.0,0.0,161.0,309,0.0,24.0,1.0,0.0,0.0
31,Burundi,5,0,0.0,0.0,0.0,5,0.0,0.4,0.0,0.0,0.0
32,CAR,8,0,0.0,0.0,0.0,8,0.0,2.0,0.0,0.0,0.0
33,Cabo Verde,8,0,1.0,0.0,1.0,6,0.0,14.0,2.0,0.0,0.0
34,Cambodia,122,0,0.0,0.0,77.0,45,1.0,7.0,0.0,5768.0,345.0
35,Cameroon,820,0,12.0,0.0,98.0,710,0.0,31.0,0.5,0.0,0.0
36,Canada,24383,0,717.0,0.0,7172.0,16494,557.0,646.0,19.0,422200.0,11186.0
37,Caribbean Netherlands,3,0,0.0,0.0,0.0,3,0.0,114.0,0.0,10.0,381.0
38,Cayman Islands,53,0,1.0,0.0,6.0,46,3.0,806.0,15.0,536.0,8156.0
39,Chad,18,0,0.0,0.0,2.0,16,0.0,1.0,0.0,0.0,0.0
40,Channel Islands,431,0,9.0,0.0,48.0,374,0.0,2479.0,52.0,3320.0,19095.0
41,Chile,7213,0,80.0,0.0,2059.0,5074,387.0,377.0,4.0,82271.0,4304.0
42,China,82160,108,3341.0,2.0,77663.0,1156,121.0,57.0,2.0,0.0,0.0
43,Colombia,2776,0,109.0,0.0,270.0,2397,92.0,55.0,2.0,41765.0,821.0
44,Congo,60,0,5.0,0.0,5.0,50,0.0,11.0,0.9,0.0,0.0
45,Costa Rica,595,0,3.0,0.0,56.0,536,14.0,117.0,0.6,6762.0,1327.0
46,Croatia,1600,0,23.0,0.0,373.0,1204,34.0,390.0,6.0,16381.0,3990.0
47,Cuba,669,0,18.0,0.0,92.0,559,11.0,59.0,2.0,15057.0,1329.0
48,Curaçao,14,0,1.0,0.0,8.0,5,0.0,85.0,6.0,0.0,0.0
49,Cyprus,633,0,11.0,0.0,65.0,557,8.0,524.0,9.0,17923.0,14845.0
50,Czechia,5991,0,138.0,0.0,464.0,5389,87.0,559.0,13.0,125126.0,11684.0
51,DRC,234,0,20.0,0.0,16.0,198,0.0,3.0,0.2,0.0,0.0
52,Denmark,6174,0,273.0,0.0,2123.0,3778,104.0,1066.0,47.0,70125.0,12107.0
53,Diamond Princess,712,0,11.0,0.0,619.0,82,10.0,0.0,0.0,0.0,0.0
54,Djibouti,214,0,2.0,0.0,36.0,176,0.0,217.0,2.0,4451.0,4505.0
55,Dominica,16,0,0.0,0.0,8.0,8,0.0,222.0,0.0,345.0,4793.0
56,Dominican Republic,2967,0,173.0,0.0,131.0,2663,147.0,274.0,16.0,9275.0,855.0
57,Ecuador,7466,0,333.0,0.0,501.0,6632,184.0,423.0,19.0,23635.0,1340.0
58,Egypt,2065,0,159.0,0.0,589.0,1317,0.0,20.0,2.0,25000.0,244.0
59,El Salvador,137,12,6.0,0.0,22.0,109,2.0,21.0,0.9,6729.0,1037.0
60,Equatorial Guinea,21,0,0.0,0.0,3.0,18,0.0,15.0,0.0,854.0,609.0
61,Eritrea,34,0,0.0,0.0,0.0,34,0.0,10.0,0.0,0.0,0.0
62,Estonia,1309,0,25.0,0.0,98.0,1186,11.0,987.0,19.0,30349.0,22878.0
63,Eswatini,14,0,0.0,0.0,7.0,7,0.0,12.0,0.0,0.0,0.0
64,Ethiopia,71,0,3.0,0.0,10.0,58,0.0,0.6,0.03,3863.0,34.0
65,Faeroe Islands,184,0,0.0,0.0,157.0,27,0.0,3766.0,0.0,5509.0,112744.0
66,Falkland Islands,5,0,0.0,0.0,1.0,4,0.0,1437.0,0.0,137.0,39368.0
67,Fiji,16,0,0.0,0.0,0.0,16,0.0,18.0,0.0,0.0,0.0
68,Finland,2974,0,56.0,0.0,300.0,2618,80.0,537.0,10.0,45019.0,8125.0
69,France,132591,0,14393.0,0.0,27186.0,91012,6845.0,2031.0,221.0,333807.0,5114.0
70,French Guiana,86,0,0.0,0.0,51.0,35,1.0,288.0,0.0,0.0,0.0
71,French Polynesia,53,0,0.0,0.0,0.0,53,1.0,189.0,0.0,889.0,3165.0
72,Gabon,49,0,1.0,0.0,1.0,47,0.0,22.0,0.4,0.0,0.0
73,Gambia,9,0,1.0,0.0,2.0,6,0.0,4.0,0.4,281.0,116.0
74,Georgia,266,9,3.0,0.0,67.0,196,6.0,67.0,0.8,3271.0,820.0
75,Germany,127854,0,3022.0,0.0,64300.0,60532,4895.0,1526.0,36.0,1317887.0,15730.0
76,Ghana,566,0,8.0,0.0,4.0,554,2.0,18.0,0.3,37954.0,1221.0
77,Gibraltar,129,0,0.0,0.0,84.0,45,1.0,3829.0,0.0,1558.0,46244.0
78,Greece,2114,0,98.0,0.0,269.0,1747,76.0,203.0,9.0,42261.0,4055.0
79,Greenland,11,0,0.0,0.0,11.0,0,0.0,194.0,0.0,912.0,16065.0
80,Grenada,14,0,0.0,0.0,0.0,14,2.0,124.0,0.0,92.0,818.0
81,Guadeloupe,143,0,8.0,0.0,67.0,68,13.0,357.0,20.0,0.0,0.0
82,Guatemala,155,0,5.0,0.0,19.0,131,3.0,9.0,0.3,1134.0,63.0
83,Guinea,250,0,0.0,0.0,17.0,233,0.0,19.0,0.0,0.0,0.0
84,Guinea-Bissau,38,0,0.0,0.0,0.0,38,0.0,19.0,0.0,1500.0,762.0
85,Guyana,45,0,6.0,0.0,8.0,31,3.0,57.0,8.0,193.0,245.0
86,Haiti,33,0,3.0,0.0,0.0,30,0.0,3.0,0.3,365.0,32.0
87,Honduras,397,4,25.0,0.0,7.0,365,10.0,40.0,3.0,1600.0,162.0
88,Hong Kong,1005,0,4.0,0.0,360.0,641,13.0,134.0,0.5,96709.0,12900.0
89,Hungary,1458,48,109.0,10.0,120.0,1229,58.0,151.0,11.0,34819.0,3604.0
90,Iceland,1701,0,8.0,0.0,889.0,804,10.0,4985.0,23.0,35253.0,103308.0
91,India,9240,35,331.0,0.0,1096.0,7813,0.0,7.0,0.2,189111.0,137.0
92,Indonesia,4241,0,373.0,0.0,359.0,3509,0.0,16.0,1.0,27075.0,99.0
93,Iran,71686,0,4474.0,0.0,43894.0,23318,3930.0,853.0,53.0,263388.0,3136.0
94,Iraq,1352,0,76.0,0.0,640.0,636,0.0,34.0,2.0,35415.0,880.0
95,Ireland,9655,0,334.0,0.0,25.0,9296,194.0,1955.0,68.0,53000.0,10734.0
96,Isle of Man,228,0,2.0,0.0,112.0,114,11.0,2681.0,24.0,1934.0,22744.0
97,Israel,11145,0,103.0,0.0,1627.0,9415,183.0,1288.0,12.0,117339.0,13557.0
98,Italy,156363,0,19899.0,0.0,34211.0,102253,3343.0,2586.0,329.0,1010193.0,16708.0
99,Ivory Coast,574,0,5.0,0.0,85.0,484,0.0,22.0,0.2,0.0,0.0
100,Jamaica,72,0,4.0,0.0,16.0,52,0.0,24.0,1.0,907.0,306.0
101,Japan,7370,0,123.0,0.0,784.0,6463,129.0,58.0,1.0,77381.0,612.0
102,Jordan,389,0,7.0,0.0,201.0,181,5.0,38.0,0.7,20500.0,2009.0
103,Kazakhstan,973,22,11.0,1.0,99.0,863,21.0,52.0,0.6,69304.0,3691.0
104,Kenya,197,0,8.0,0.0,25.0,164,2.0,4.0,0.1,7449.0,139.0
105,Kuwait,1234,0,1.0,0.0,142.0,1091,29.0,289.0,0.2,0.0,0.0
106,Kyrgyzstan,419,42,5.0,0.0,67.0,347,5.0,64.0,0.8,9618.0,1474.0
107,Laos,19,0,0.0,0.0,0.0,19,0.0,3.0,0.0,1140.0,157.0
108,Latvia,651,0,5.0,0.0,16.0,630,2.0,345.0,3.0,28214.0,14958.0
109,Lebanon,630,0,20.0,0.0,80.0,530,34.0,92.0,3.0,15152.0,2220.0
110,Liberia,50,0,5.0,0.0,3.0,42,0.0,10.0,1.0,0.0,0.0
111,Libya,25,0,1.0,0.0,9.0,15,0.0,4.0,0.1,535.0,78.0
112,Liechtenstein,79,0,1.0,0.0,55.0,23,0.0,2072.0,26.0,900.0,23605.0
113,Lithuania,1062,9,24.0,1.0,101.0,937,14.0,390.0,9.0,41503.0,15246.0
114,Luxembourg,3281,0,66.0,0.0,500.0,2715,30.0,5241.0,105.0,29165.0,46591.0
115,MS Zaandam,9,0,2.0,0.0,0.0,7,0.0,0.0,0.0,0.0,0.0
116,Macao,45,0,0.0,0.0,10.0,35,1.0,69.0,0.0,0.0,0.0
117,Madagascar,106,0,0.0,0.0,20.0,86,1.0,4.0,0.0,0.0,0.0
118,Malawi,13,0,2.0,0.0,0.0,11,1.0,0.7,0.1,287.0,15.0
119,Malaysia,4683,0,76.0,0.0,2108.0,2499,66.0,145.0,2.0,77491.0,2394.0
120,Maldives,20,0,0.0,0.0,14.0,6,0.0,37.0,0.0,0.0,0.0
121,Mali,105,0,9.0,0.0,22.0,74,0.0,5.0,0.4,0.0,0.0
122,Malta,378,0,3.0,0.0,44.0,331,4.0,856.0,7.0,17058.0,38633.0
123,Martinique,155,0,6.0,0.0,50.0,99,19.0,413.0,16.0,0.0,0.0
124,Mauritania,7,0,1.0,0.0,2.0,4,0.0,2.0,0.2,496.0,107.0
125,Mauritius,324,0,9.0,0.0,42.0,273,3.0,255.0,7.0,7077.0,5565.0
126,Mayotte,196,0,3.0,0.0,59.0,134,3.0,718.0,11.0,1350.0,4948.0
127,Mexico,4661,442,296.0,23.0,1843.0,2522,185.0,36.0,2.0,36594.0,284.0
128,Moldova,1662,0,32.0,1.0,94.0,1536,80.0,412.0,8.0,6271.0,1555.0
129,Monaco,93,0,1.0,0.0,6.0,86,5.0,2370.0,25.0,0.0,0.0
130,Mongolia,17,1,0.0,0.0,4.0,13,0.0,5.0,0.0,0.0,0.0
131,Montenegro,272,0,3.0,0.0,5.0,264,7.0,433.0,5.0,2869.0,4568.0
132,Montserrat,11,2,0.0,0.0,1.0,10,1.0,2204.0,0.0,36.0,7212.0
133,Morocco,1661,0,118.0,0.0,177.0,1366,1.0,45.0,3.0,8473.0,230.0
134,Mozambique,21,0,0.0,0.0,2.0,19,0.0,0.7,0.0,679.0,22.0
135,Myanmar,41,0,4.0,0.0,2.0,35,0.0,0.8,0.07,1406.0,26.0
136,Namibia,16,0,0.0,0.0,3.0,13,0.0,6.0,0.0,362.0,142.0
137,Nepal,13,1,0.0,0.0,1.0,12,0.0,0.4,0.0,5184.0,178.0
138,Netherlands,25587,0,2737.0,0.0,250.0,22600,1384.0,1493.0,160.0,101534.0,5926.0
139,New Caledonia,18,0,0.0,0.0,1.0,17,0.0,63.0,0.0,2608.0,9135.0
140,New Zealand,1349,19,5.0,1.0,546.0,798,4.0,280.0,1.0,62827.0,13029.0
141,Nicaragua,9,0,1.0,0.0,4.0,4,0.0,1.0,0.2,0.0,0.0
142,Niger,529,0,12.0,0.0,75.0,442,0.0,22.0,0.5,4353.0,180.0
143,Nigeria,323,0,10.0,0.0,85.0,228,2.0,2.0,0.05,5000.0,24.0
144,North Macedonia,828,0,34.0,0.0,41.0,753,15.0,397.0,16.0,8057.0,3867.0
145,Norway,6525,0,128.0,0.0,32.0,6365,59.0,1204.0,24.0,126486.0,23332.0
146,Oman,599,0,4.0,0.0,109.0,486,3.0,117.0,0.8,0.0,0.0
147,Pakistan,5374,144,93.0,2.0,1095.0,4186,44.0,24.0,0.4,65114.0,295.0
148,Palestine,290,0,2.0,0.0,58.0,230,0.0,57.0,0.4,17329.0,3397.0
149,Panama,3400,0,87.0,0.0,29.0,3284,106.0,788.0,20.0,15147.0,3511.0
150,Papua New Guinea,2,0,0.0,0.0,0.0,2,0.0,0.2,0.0,72.0,8.0
151,Paraguay,147,13,6.0,0.0,22.0,119,1.0,21.0,0.8,2262.0,317.0
152,Peru,7519,0,193.0,0.0,1798.0,5528,134.0,228.0,6.0,76506.0,2320.0
153,Philippines,4648,0,297.0,0.0,197.0,4154,1.0,42.0,3.0,33814.0,309.0
154,Poland,6674,0,232.0,0.0,439.0,6003,160.0,176.0,6.0,138007.0,3646.0
155,Portugal,16585,0,504.0,0.0,277.0,15804,228.0,1627.0,49.0,163616.0,16046.0
156,Qatar,2979,0,7.0,0.0,275.0,2697,37.0,1034.0,2.0,49102.0,17043.0
157,Romania,6300,0,316.0,0.0,852.0,5132,204.0,327.0,16.0,62328.0,3240.0
158,Russia,15770,0,130.0,0.0,1291.0,14349,8.0,108.0,0.9,1200000.0,8223.0
159,Rwanda,126,0,0.0,0.0,25.0,101,0.0,10.0,0.0,1966.0,152.0
160,Réunion,389,0,0.0,0.0,40.0,349,3.0,434.0,0.0,0.0,0.0
161,S. Korea,10537,25,217.0,3.0,7447.0,2873,55.0,206.0,4.0,514621.0,10038.0
162,Saint Kitts and Nevis,12,0,0.0,0.0,0.0,12,0.0,226.0,0.0,205.0,3853.0
163,Saint Lucia,15,0,0.0,0.0,4.0,11,0.0,82.0,0.0,0.0,0.0
164,Saint Martin,32,0,2.0,0.0,11.0,19,5.0,828.0,52.0,0.0,0.0
165,Saint Pierre Miquelon,1,0,0.0,0.0,0.0,1,0.0,173.0,0.0,0.0,0.0
166,San Marino,356,0,35.0,0.0,53.0,268,14.0,10492.0,1032.0,846.0,24933.0
167,Sao Tome and Principe,4,0,0.0,0.0,0.0,4,0.0,18.0,0.0,19.0,87.0
168,Saudi Arabia,4462,0,59.0,0.0,761.0,3642,67.0,128.0,2.0,115585.0,3320.0
169,Senegal,280,0,2.0,0.0,171.0,107,1.0,17.0,0.1,0.0,0.0
170,Serbia,3630,0,80.0,0.0,400.0,3150,146.0,415.0,9.0,18312.0,2096.0
171,Seychelles,11,0,0.0,0.0,0.0,11,0.0,112.0,0.0,0.0,0.0
172,Sierra Leone,10,0,0.0,0.0,0.0,10,0.0,1.0,0.0,0.0,0.0
173,Singapore,2532,0,8.0,0.0,560.0,1964,31.0,433.0,1.0,72680.0,12423.0
174,Sint Maarten,50,0,9.0,0.0,5.0,36,2.0,1166.0,210.0,134.0,3125.0
175,Slovakia,742,0,2.0,0.0,23.0,717,5.0,136.0,0.4,27426.0,5023.0
176,Slovenia,1205,0,53.0,0.0,150.0,1002,35.0,580.0,25.0,34851.0,16764.0
177,Somalia,25,0,2.0,1.0,2.0,21,2.0,2.0,0.1,0.0,0.0
178,South Africa,2173,0,25.0,0.0,410.0,1738,7.0,37.0,0.4,80085.0,1350.0
179,South Sudan,4,0,0.0,0.0,0.0,4,0.0,0.4,0.0,0.0,0.0
180,Spain,166831,0,17209.0,0.0,62391.0,87231,7371.0,3568.0,368.0,600000.0,12833.0
181,Sri Lanka,210,0,7.0,0.0,56.0,147,1.0,10.0,0.3,4525.0,211.0
182,St. Barth,6,0,0.0,0.0,4.0,2,0.0,607.0,0.0,0.0,0.0
183,St. Vincent Grenadines,12,0,0.0,0.0,1.0,11,0.0,108.0,0.0,56.0,505.0
184,Sudan,19,0,2.0,0.0,2.0,15,0.0,0.4,0.05,0.0,0.0
185,Suriname,10,0,1.0,0.0,4.0,5,0.0,17.0,2.0,0.0,0.0
186,Sweden,10483,0,899.0,0.0,381.0,9203,839.0,1038.0,89.0,54700.0,5416.0
187,Switzerland,25415,0,1106.0,0.0,12700.0,11609,386.0,2937.0,128.0,193800.0,22393.0
188,Syria,25,0,2.0,0.0,5.0,18,0.0,1.0,0.1,0.0,0.0
189,Taiwan,393,5,6.0,0.0,114.0,273,0.0,17.0,0.3,47215.0,1982.0
190,Tanzania,32,0,3.0,0.0,5.0,24,0.0,0.5,0.05,0.0,0.0
191,Thailand,2579,28,40.0,2.0,1288.0,1251,61.0,37.0,0.6,71860.0,1030.0
192,Timor-Leste,2,0,0.0,0.0,1.0,1,0.0,2.0,0.0,0.0,0.0
193,Togo,76,0,3.0,0.0,29.0,44,0.0,9.0,0.4,2532.0,306.0
194,Trinidad and Tobago,113,0,8.0,0.0,16.0,89,0.0,81.0,6.0,1126.0,805.0
195,Tunisia,707,0,31.0,0.0,43.0,633,85.0,60.0,3.0,11238.0,951.0
196,Turkey,56956,0,1198.0,0.0,3446.0,52312,1665.0,675.0,14.0,376100.0,4459.0
197,Turks and Caicos,9,0,1.0,0.0,0.0,8,0.0,232.0,26.0,62.0,1601.0
198,UAE,4123,0,22.0,0.0,680.0,3421,1.0,417.0,2.0,648195.0,65538.0
199,UK,84279,0,10612.0,0.0,0.0,73323,1559.0,1241.0,156.0,352974.0,5200.0
200,USA,560433,133,22115.0,10.0,32634.0,505684,11766.0,1693.0,67.0,2833112.0,8559.0
201,Uganda,54,0,0.0,0.0,4.0,50,0.0,1.0,0.0,5025.0,110.0
202,Ukraine,2777,0,83.0,0.0,89.0,2605,45.0,63.0,2.0,30314.0,693.0
203,Uruguay,480,0,8.0,1.0,231.0,241,15.0,138.0,2.0,8774.0,2526.0
204,Uzbekistan,896,31,4.0,0.0,66.0,826,8.0,27.0,0.1,70000.0,2091.0
205,Vatican City,8,0,0.0,0.0,2.0,6,0.0,9988.0,0.0,0.0,0.0
206,Venezuela,181,0,9.0,0.0,93.0,79,6.0,6.0,0.3,181335.0,6377.0
207,Vietnam,262,0,0.0,0.0,144.0,118,8.0,3.0,0.0,121821.0,1252.0
208,Western Sahara,6,0,0.0,0.0,0.0,6,0.0,10.0,0.0,0.0,0.0
209,Yemen,1,0,0.0,0.0,0.0,1,0.0,0.03,0.0,0.0,0.0
210,Zambia,43,0,2.0,0.0,30.0,11,1.0,2.0,0.1,1239.0,67.0
211,Zimbabwe,14,0,3.0,0.0,0.0,11,0.0,0.9,0.2,563.0,38.0
